11,My Name 1
12,My Name 2
13,My Name 3
14,My Name 4
15,My Name 5
16,My Name 6
17,My Name 7
18,My Name 8
19,My Name 9
21,My Name 1
22,My Name 2
23,My Name 3
24,My Name 4
25,My Name 5
26,My Name 6
27,My Name 7
28,My Name 8
29,My Name 9
11,My Name 1
12,My Name 2
13,My Name 3
14,My Name 4
15,My Name 5
16,My Name 6
17,My Name 7
18,My Name 8
19,My Name 9
21,My Name 1
22,My Name 2
23,My Name 3
24,My Name 4
25,My Name 5
26,My Name 6
27,My Name 7
28,My Name 8
29,My Name 9
6,My Name 6
7,My Name 7
8,My Name 8
9,My Name 9
11,My Name 1
12,My Name 2
13,My Name 3
14,My Name 4
15,My Name 5
16,My Name 6
17,My Name 7
18,My Name 8
19,My Name 9
21,My Name 1
22,My Name 2
23,My Name 3
24,My Name 4
25,My Name 5
26,My Name 6
27,My Name 7
28,My Name 8
29,My Name 9
